{
  "type": "minecraft:entity",
  "pools": [
    {
      "rolls": 1,
      "entries": [
        {
          "type": "minecraft:item",
          "name": "minecraft:coal",
          "functions": [
            {
              "function": "minecraft:set_count",
              "count": 1,
              "add": false,
              "conditions": [
                {
                  "condition": "minecraft:entity_scores",
                  "entity": "killer_player",
                  "scores": {
                    "SummonedZombie": {
                      "min": 10,
                      "max": 99999
                    }
                  }
                }
              ]
            },
            {
              "function": "minecraft:set_count",
              "count": 1,
              "add": false,
              "conditions": [
                {
                  "condition": "minecraft:entity_scores",
                  "entity": "killer_player",
                  "scores": {
                    "SummonedZombie": {
                      "min": 30,
                      "max": 99999
                    }
                  }
                }
              ]
            },
            {
              "function": "minecraft:set_count",
              "count": 1,
              "add": false,
              "conditions": [
                {
                  "condition": "minecraft:entity_scores",
                  "entity": "killer_player",
                  "scores": {
                    "SummonedZombie": {
                      "min": 60,
                      "max": 99999
                    }
                  }
                }
              ]
            }
          ]
        }
      ],
      "conditions": [
        {
          "condition": "minecraft:random_chance",
          "chance": 0.5
        },
        {
          "condition": "minecraft:entity_scores",
          "entity": "killer_player",
          "scores": {
            "SummonedZombie": {
              "min": 10,
              "max": 999999
            }
          }
        }
      ]
    },
    {
      "rolls": 1,
      "bonus_rolls": 0,
      "entries": [
        {
          "type": "minecraft:item",
          "name": "minecraft:sunflower",
          "functions": [
            {
              "function": "minecraft:set_nbt",
              "tag": "{display:{Name:'{\"text\":\"\\\\u00A76Gold Coin\"}'}}"
            },
            {
              "function": "minecraft:set_count",
              "count": {
                "type": "minecraft:uniform",
                "min": 1,
                "max": 2
              },
              "add": false
            }
          ],
          "conditions": [
            {
              "condition": "minecraft:random_chance",
              "chance": 0.3
            }
          ]
        }
      ]
    },
    {
      "rolls": 1,
      "bonus_rolls": 0,
      "entries": [
        {
          "type": "minecraft:item",
          "name": "minecraft:coal",
          "functions": [
            {
              "function": "minecraft:set_nbt",
              "tag": "{display:{Name:'[{\"text\":\"Coal\"}]'}}"
            },
            {
              "function": "minecraft:set_count",
              "count": {
                "type": "minecraft:uniform",
                "min": 1,
                "max": 2
              },
              "add": false
            }
          ],
          "conditions": [
            {
              "condition": "minecraft:killed_by_player"
            },
            {
              "condition": "minecraft:random_chance",
              "chance": 0.5
            }
          ]
        }
      ]
    }
  ]
}
