{
    "display": {
        "title": {
            "text": "Protection",
            "color": "dark_purple"
        },
        "description": {
            "text": "Initialize protection protocols",
            "color": "white"
        },
        "icon": {
            "item": "minecraft:leather_chestplate"
        },
        "frame": "task",
        "show_toast": true,
        "announce_to_chat": true,
        "hidden": false
    },
    "criteria": {
        "leather_helmet": {
            "trigger": "minecraft:inventory_changed",
            "conditions": {
                "items": [
                    {
                        "item": "minecraft:leather_helmet",
                        "nbt": "{display:{Name:\"[{\\\"text\\\":\\\"Leather Helmet\\\"}]\"}}"
                    }
                ]
            }
        },
        "leather_chestplate": {
            "trigger": "minecraft:inventory_changed",
            "conditions": {
                "items": [
                    {
                        "item": "minecraft:leather_chestplate",
                        "nbt": "{display:{Name:\"[{\\\"text\\\":\\\"Leather Chestplate\\\"}]\"}}"
                    }
                ]
            }
        },
        "leather_leggings": {
            "trigger": "minecraft:inventory_changed",
            "conditions": {
                "items": [
                    {
                        "item": "minecraft:leather_leggings",
                        "nbt": "{display:{Name:\"[{\\\"text\\\":\\\"Leather Leggings\\\"}]\"}}"
                    }
                ]
            }
        },
        "leather_boots": {
            "trigger": "minecraft:inventory_changed",
            "conditions": {
                "items": [
                    {
                        "item": "minecraft:leather_boots",
                        "nbt": "{display:{Name:\"[{\\\"text\\\":\\\"Leather Boots\\\"}]\"}}"
                    }
                ]
            }
        }
    },
    "requirements": [
        [
            "leather_helmet",
            "leather_chestplate",
            "leather_leggings",
            "leather_boots"
        ]
    ],
    "parent": "vapmi:root"
}