{
    "display": {
        "title": {
            "text": "Monster Industries",
            "color": "green",
            "bold": true
        },
        "description": {
            "text": "Destroy your rival companies",
            "color": "white"
        },
        "icon": {
            "item": "minecraft:creeper_head"
        },
        "frame": "task",
        "show_toast": true,
        "announce_to_chat": false,
        "hidden": false,
        "background": "textures/gui/advancements/backgrounds/stone.png"
    },
    "criteria": {
        "Enter the game": {
            "trigger": "minecraft:tick"
        }
    }
}