{
    "display": {
        "title": {
            "text": "Seed Money",
            "color": "gold"
        },
        "description": {
            "text": "Earn a §6gold coin§r",
            "color": "white"
        },
        "icon": {
            "item": "minecraft:sunflower"
        },
        "frame": "task",
        "show_toast": true,
        "announce_to_chat": true,
        "hidden": false
    },
    "criteria": {
        "Obtain a Coin": {
            "trigger": "minecraft:inventory_changed",
            "conditions": {
                "items": [
                    {
                        "item": "minecraft:sunflower",
                        "nbt": "{display:{Name:\"{\\\"text\\\":\\\"\\\\u00A76Gold Coin\\\"}\"}}",
                        "count": {
                            "min": 1,
                            "max": 1000000
                        }
                    }
                ]
            }
        }
    },
    "parent": "vapmi:root"
}