{
    "__comment": "Made with TheDestruc7i0n's advancements generator: https://advancements.thedestruc7i0n.ca",
    "display": {
        "title": {
            "text": "Synergy",
            "color": "dark_aqua"
        },
        "description": {
            "text": "Learn the power of synergy",
            "color": "white"
        },
        "icon": {
            "item": "minecraft:diamond"
        },
        "frame": "task",
        "show_toast": false,
        "announce_to_chat": false,
        "hidden": false
    },
    "criteria": {
        "Enter game": {
            "trigger": "minecraft:tick"
        }
    },
    "parent": "vapmi:root"
}