{
    "__comment": "Made with TheDestruc7i0n's advancements generator: https://advancements.thedestruc7i0n.ca",
    "display": {
        "title": {
            "text": "Patent Diamond Weapons",
            "color": "dark_red"
        },
        "description": {
            "text": "Purchase the \"§4Buy Patent for Diamond Weapons§r\" upgrade"
        },
        "icon": {
            "item": "minecraft:diamond_sword"
        },
        "frame": "goal",
        "show_toast": true,
        "announce_to_chat": true,
        "hidden": false
    },
    "criteria": {
        "Purchase Diamond weapons": {
            "trigger": "minecraft:inventory_changed",
            "conditions": {
                "items": [
                    {
                        "item": "minecraft:book",
                        "nbt": "{display:{Name:\"[{\\\"text\\\":\\\"Buy Patent for Diamond Weapons\\\",\\\"italic\\\":false,\\\"color\\\":\\\"dark_aqua\\\"}]\",Lore:[\"[{\\\"text\\\":\\\"Upgrade Weapons to Tier III\\\",\\\"italic\\\":true,\\\"color\\\":\\\"aqua\\\"}]\"]}}",
                        "count": {
                            "min": 1,
                            "max": 1000000
                        }
                    }
                ]
            }
        }
    },
    "parent": "vapmi:upgrade_weapons_1"
}