{
    "__comment": "Made with TheDestruc7i0n's advancements generator: https://advancements.thedestruc7i0n.ca",
    "display": {
        "title": {
            "text": "Invest in Gold Ingots",
            "color": "gold"
        },
        "description": {
            "text": "Purchase the \"§6Invest in Gold Ingots§r\" upgrade",
            "color": "white"
        },
        "icon": {
            "item": "minecraft:gold_ingot"
        },
        "frame": "goal",
        "show_toast": true,
        "announce_to_chat": true,
        "hidden": false
    },
    "criteria": {
        "Purchase the Invest in Gold Ingots upgrade": {
            "trigger": "minecraft:inventory_changed",
            "conditions": {
                "items": [
                    {
                        "item": "minecraft:gold_ingot",
                        "nbt": "{display:{Name:\"[{\\\"text\\\":\\\"Invest in Gold Ingots\\\",\\\"italic\\\":false,\\\"color\\\":\\\"gold\\\"}]\",Lore:[\"[{\\\"text\\\":\\\"Increase coin production by +1\\\",\\\"italic\\\":true,\\\"color\\\":\\\"aqua\\\"}]\"]}}",
                        "count": {
                            "min": 1,
                            "max": 10000
                        }
                    }
                ]
            }
        }
    },
    "parent": "vapmi:seed_money"
}