{
    "__comment": "Made with TheDestruc7i0n's advancements generator: https://advancements.thedestruc7i0n.ca",
    "display": {
        "title": {
            "text": "Get More Synergy",
            "color": "dark_aqua"
        },
        "description": {
            "text": "Purchase the \"§3Buy Synergy Booster§r\" upgrade",
            "color": "white"
        },
        "icon": {
            "item": "minecraft:diamond_block"
        },
        "frame": "goal",
        "show_toast": true,
        "announce_to_chat": true,
        "hidden": false
    },
    "criteria": {
        "Buy Synergy booster": {
            "trigger": "minecraft:inventory_changed",
            "conditions": {
                "items": [
                    {
                        "item": "minecraft:diamond_block",
                        "nbt": "{display:{Name:\"[{\\\"text\\\":\\\"Buy Synergy Booster\\\",\\\"italic\\\":false,\\\"color\\\":\\\"dark_aqua\\\"}]\",Lore:[\"[{\\\"text\\\":\\\"Upgrade Synergy to Tier II\\\",\\\"italic\\\":true,\\\"color\\\":\\\"aqua\\\"}]\"]}}",
                        "count": {
                            "min": 1,
                            "max": 100000
                        }
                    }
                ]
            }
        }
    },
    "parent": "vapmi:synergy"
}