{
    "display": {
        "title": {
            "text": "Security",
            "color": "dark_red"
        },
        "description": {
            "text": "Initialize security protocols",
            "color": "white"
        },
        "icon": {
            "item": "minecraft:wooden_sword"
        },
        "frame": "task",
        "show_toast": true,
        "announce_to_chat": false,
        "hidden": false
    },
    "criteria": {
        "Get a wooden sword": {
            "trigger": "minecraft:inventory_changed",
            "conditions": {
                "items": [
                    {
                        "item": "minecraft:wooden_sword",
                        "nbt": "{display:{Name:\"[{\\\"text\\\":\\\"Wooden Sword\\\"}]\"}}",
                        "count": {
                            "min": 1,
                            "max": 1000000
                        }
                    }
                ]
            }
        }
    },
    "parent": "vapmi:root"
}