{
    "type": "minecraft:entity",
    "pools": [
      {
        "rolls": 1,
        "bonus_rolls": 0,
        "entries": [
          {
            "type": "minecraft:item",
            "name": "minecraft:stone_button",
            "functions": [
              {
                "function": "minecraft:set_nbt",
                "tag": "{display:{Name:'[{\"text\":\"XP Scrubber\"}]'}}"
              },
              {
                "function": "minecraft:set_count",
                "count": 1
              }
            ]
          }
        ]
      }
    ]
  }
  